32768,153359,<Regions: [<ELFSegment flags=0x5, relro=0x0, vaddr=0x8000, memsize=0xea30, filesize=0xea30, offset=0x0>, <ELFSegment flags=0x6, relro=0x0, vaddr=0x1f000, memsize=0x6710, filesize=0x3b4, offset=0xf000>]>,[;5;9;9;5;2;,; ;2;6;3;8;4;],843b118eb448d51a2807042588d0591bb61df2c70efa4f72bc65d0f5fa02d77e.elf;extern-address space;cle##tls,
32768,200223,<Regions: [<ELFSegment flags=0x5, relro=0x0, vaddr=0x8000, memsize=0x19e04, filesize=0x19e04, offset=0x0>, <ELFSegment flags=0x6, relro=0x0, vaddr=0x2a000, memsize=0x6e20, filesize=0x8c8, offset=0x1a000>]>,[;1;0;5;9;8;8;,; ;2;8;1;9;2;],e1caf65a60d3865067098be3b8c950dfb3816e9fc11f979ddf8b5c8d503bd751.elf;extern-address space;cle##tls,
32768,132431,<Regions: [<ELFSegment flags=0x5, relro=0x0, vaddr=0x8000, memsize=0x6a6f, filesize=0x6a6f, offset=0x0>, <ELFSegment flags=0x6, relro=0x0, vaddr=0x20550, memsize=0x0, filesize=0x0, offset=0x550>]>,[;2;7;2;4;7;,; ;0;],63f30e6cb6914f599f156a232564a1d6a6aaeb9efeb86ff6a62d21d56eaadb26.elf;extern-address space;cle##tls,
4194304,4316123,<Regions: [<ELFSegment flags=0x5, relro=0x0, vaddr=0x400000, memsize=0xd69c, filesize=0xd69c, offset=0x0>, <ELFSegment flags=0x6, relro=0x0, vaddr=0x41d6a0, memsize=0x53c, filesize=0x228, offset=0xd6a0>]>,[;5;4;9;4;0;,; ;1;3;4;0;],e4800b23fc8420d5570464637a3a4a2bc768fd13120dbd5c1bc076833da656e1.elf;extern-address space;cle##tls,
134512640,134575935,<Regions: [<ELFSegment flags=0x5, relro=0x0, vaddr=0x8048000, memsize=0xefc0, filesize=0xefc0, offset=0x0>, <ELFSegment flags=0x6, relro=0x0, vaddr=0x8057000, memsize=0x740, filesize=0x140, offset=0xf000>]>,[;6;1;3;7;6;,; ;1;8;5;6;],fc1cb36764785792e0114f03eb646b0eb666f77d5cb94cfc8111b0bb936709c1.elf;extern-address space;cle##tls,
12587008,134575935,<Regions: [<ELFSegment flags=0x5, relro=0x0, vaddr=0xc01000, memsize=0x6c94, filesize=0x6c94, offset=0x0>, <ELFSegment flags=0x6, relro=0x0, vaddr=0x8057740, memsize=0x0, filesize=0x0, offset=0x740>]>,[;2;7;7;9;6;,; ;0;],bb5b583c4b9e43d3623ba7583fc2c2e263c3bd21b09de43f3e5985817b7b45f5.elf;extern-address space;cle##tls,
4194304,4307367,<Regions: [<ELFSegment flags=0x5, relro=0x0, vaddr=0x400000, memsize=0xb474, filesize=0xb474, offset=0x0>, <ELFSegment flags=0x6, relro=0x0, vaddr=0x41b478, memsize=0x530, filesize=0x228, offset=0xb478>]>,[;4;6;1;9;6;,; ;1;3;2;8;],7d6aa9d61f8144a96fdf56dbc11de5a4df9d00ee8e7b41abfc384d2d395b9d09.elf;extern-address space;cle##tls,
32768,128435,<Regions: [<ELFSegment flags=0x5, relro=0x0, vaddr=0x8000, memsize=0xf0d0, filesize=0xf0d0, offset=0x0>, <ELFSegment flags=0x6, relro=0x0, vaddr=0x1f0d4, memsize=0x4e0, filesize=0x19c, offset=0xf0d4>]>,[;6;1;6;4;8;,; ;1;2;4;8;],4fecb4e9874894011635f356ab8722b6a4cacd1d5655173daf2c0a88b9533fb4.elf;extern-address space;cle##tls,libc.so.0
268435456,268618427,<Regions: [<ELFSegment flags=0x5, relro=0x0, vaddr=0x10000000, memsize=0x16214, filesize=0x16214, offset=0x0>, <ELFSegment flags=0x6, relro=0x0, vaddr=0x10026214, memsize=0x68a8, filesize=0x440, offset=0x16214>]>,[;9;0;6;4;4;,; ;2;6;7;9;2;],d5230c95c4af4e1fcddf9660070932b7876a9569dc3a2baedf762abbe37b1ad5.elf;extern-address space;cle##tls,
268435456,268622619,<Regions: [<ELFSegment flags=0x5, relro=0x0, vaddr=0x10000000, memsize=0x172cc, filesize=0x172cc, offset=0x0>, <ELFSegment flags=0x6, relro=0x0, vaddr=0x100272cc, memsize=0x6850, filesize=0x3f0, offset=0x172cc>]>,[;9;4;9;2;4;,; ;2;6;7;0;4;],eecd3fe6ca68f464d478a62da85ce91864c398d470621532cfa1658ceee6148c.elf;extern-address space;cle##tls,
